date,score
2025-04-30,8439
2025-05-01,29708
2025-05-02,16657
2025-05-03,20575
2025-05-04,15026
2025-05-05,17698
2025-05-06,20692
2025-05-07,20025
2025-05-08,15179
2025-05-09,16537
2025-05-10,8482
2025-05-11,12839
2025-05-12,12884
2025-05-13,19393
2025-05-14,18736
2025-05-15,25724
2025-05-16,19236
2025-05-17,10079
2025-05-18,9695
2025-05-19,20221
2025-05-20,22910
2025-05-21,46372
2025-05-22,39268
2025-05-23,30825
2025-05-24,21734
2025-05-25,15930
2025-05-26,18908
2025-05-27,16992
2025-05-28,34294
2025-05-29,22991
2025-05-30,17582
2025-05-31,16087
2025-06-01,12916
2025-06-02,14916
2025-06-03,15511
2025-06-04,20462
2025-06-05,26159
2025-06-06,15201
2025-06-07,15528
2025-06-08,18195
2025-06-09,15577
2025-06-10,25744
2025-06-11,16520
2025-06-12,14669
2025-06-13,14280
2025-06-14,13024
2025-06-15,11691
2025-06-16,21796
2025-06-17,18351
2025-06-18,22752
2025-06-19,22127
2025-06-20,32037
2025-06-21,10745
2025-06-22,5811
2025-06-23,21739
2025-06-24,20658
2025-06-25,17722
2025-06-26,15262
2025-06-27,14834
2025-06-28,13074
2025-06-29,13661
2025-06-30,19002
2025-07-01,10601
2025-07-02,14161
2025-07-03,12921
2025-07-04,22068
2025-07-05,7627
2025-07-06,24651
2025-07-07,12193
2025-07-08,20501
2025-07-09,20580
2025-07-10,34910
2025-07-11,31605
2025-07-12,20466
2025-07-13,22813
2025-07-14,32820
2025-07-15,20125
2025-07-16,24273
2025-07-17,20719
2025-07-18,26819
2025-07-19,24932
2025-07-20,23385
2025-07-21,23604
2025-07-22,27221
2025-07-23,26166
2025-07-24,28552
2025-07-25,25349
2025-07-26,26059
2025-07-27,16196
2025-07-28,17470
2025-07-29,24685
2025-07-30,29659
2025-07-31,24825
2025-08-01,30285
2025-08-02,17539
2025-08-03,16689
2025-08-04,24394
2025-08-05,60509
2025-08-06,53399
2025-08-07,87048
2025-08-08,50312
2025-08-09,52844
2025-08-10,46231
2025-08-11,43697
2025-08-12,54105
2025-08-13,23329
2025-08-14,24451
2025-08-15,27593
2025-08-16,23471
2025-08-17,20192
2025-08-18,23393
2025-08-19,25117
2025-08-20,24042
2025-08-21,32238
2025-08-22,23243
2025-08-23,18467
2025-08-24,7066
2025-08-25,28330
2025-08-26,27441
2025-08-27,19415
2025-08-28,28206
2025-08-29,16486
2025-08-30,29543
2025-08-31,11450
2025-09-01,14110
2025-09-02,23845
2025-09-03,18582
2025-09-04,18747
2025-09-05,15410
2025-09-06,15530
2025-09-07,9689
2025-09-08,21357
2025-09-09,15515
2025-09-10,13122
2025-09-11,24026
2025-09-12,11903
2025-09-13,14031
2025-09-14,6639
2025-09-15,13249
2025-09-16,25345
2025-09-17,13471
2025-09-18,10166
2025-09-19,14855
2025-09-20,11978
2025-09-21,12786
2025-09-22,15734
2025-09-23,19366
2025-09-24,10892
2025-09-25,13486
2025-09-26,9111
2025-09-27,8246
2025-09-28,4982
2025-09-29,16702
2025-09-30,30677
2025-10-01,19483
2025-10-02,13290
2025-10-03,8178
2025-10-04,4310
2025-10-05,11326
2025-10-06,12539
2025-10-07,16244
2025-10-08,9188
2025-10-09,12807
2025-10-10,11930
2025-10-11,5158
2025-10-12,4712
2025-10-13,18582
2025-10-14,14323
2025-10-15,19596
2025-10-16,14625
2025-10-17,15358
2025-10-18,7750
2025-10-19,6612
2025-10-20,9044
2025-10-21,19920
2025-10-22,14948
2025-10-23,21433
2025-10-24,12160
2025-10-25,14103
2025-10-26,7867
